DATE,TIME,GPS,SO2,CO,NO2,PM1.0,PM2.5,PM10.0,Tempurature,Humidity,Battery percent,SD card free space,Wifi count error,LTE count error,SD card count error
2021/05/12,15:41:38,2100.341667N10550.628333E,0.002,0.5,0.02,28.3,29.5,32.1,34.8,64.8,37.12,15545856,0,0,0
2021/05/12,15:41:48,2100.341667N10550.628333E,0.002,0.5,0.02,27.4,28.9,31.2,34.8,64.9,37.12,15545856,0,0,0
2021/05/12,15:41:58,2100.347964N10550.551609E,0.003,0.5,0.02,27.4,28.5,30.9,34.8,64.7,37.12,15545856,0,0,0
2021/05/12,15:42:08,2100.347954N10550.552523E,0.003,0.5,0.02,27,28.1,30.6,34.8,64.6,36.6,15545856,0,0,0
2021/05/12,15:42:18,2100.347881N10550.552608E,0.003,0.5,0.02,25.7,27,29.6,34.8,64.5,36.56,15545856,0,0,0
2021/05/12,15:42:28,2100.347683N10550.552771E,0.004,0.5,0.02,25.7,27,29.6,34.8,64.4,36.69,15545856,0,0,0
2021/05/12,15:42:38,2100.347333N10550.552939E,0.004,0.5,0.02,25.7,27,29.6,34.8,64.5,36.62,15545856,0,0,0
2021/05/12,15:42:48,2100.347087N10550.553043E,0.003,0.5,0.02,25.7,26.7,29.3,34.8,64.6,36.56,15545856,0,0,0
2021/05/12,15:42:58,2100.346769N10550.553243E,0.002,0.5,0.02,25.7,26.7,29.3,34.8,64.7,36.58,15545856,0,0,0
2021/05/12,15:43:08,2100.346728N10550.553246E,0.003,0.5,0.02,24.8,25.9,28.5,34.5,62.6,36.39,15545856,0,0,0
2021/05/12,15:43:18,2100.346264N10550.553505E,0.002,0.5,0.02,25.8,26.7,29.3,34.8,64.8,36.25,15545856,0,0,0
2021/05/12,15:43:28,2100.344181N10550.554505E,0.001,0.5,0.02,25.3,26.4,28.7,34.8,64.8,36.12,15545856,0,0,0
2021/05/12,15:43:38,2100.344134N10550.554491E,0.001,0.5,0.02,25.3,26.4,28.7,34.8,64.8,35.96,15545856,0,0,0
2021/05/12,15:44:43,2100.341667N10550.628333E,0.003,0.5,0.02,12.8,13.5,15.9,34.8,64.9,32.82,15545856,0,0,0
2021/05/12,15:44:53,2100.341667N10550.628333E,0.003,0.5,0.02,26.6,27.8,30.3,34.8,64.8,33.58,15545856,0,0,0
2021/05/12,15:45:03,2100.341667N10550.628333E,0.002,0.5,0.02,26.6,27.8,30.3,34.8,64.8,33.78,15545856,0,0,0
2021/05/12,15:45:13,2100.319722N10550.543471E,0.002,0.5,0.02,26.2,27.4,29.9,34.8,64.8,33.98,15545856,0,0,0
2021/05/12,15:45:23,2100.331234N10550.552375E,0.003,0.5,0.02,25.8,27.1,29.7,34.9,64.9,33.88,15545856,0,0,0
2021/05/12,15:45:33,2100.331172N10550.552529E,0.003,0.5,0.02,25.8,27.1,29.7,34.9,65,33.76,15545856,0,0,0
2021/05/12,15:45:43,2100.331019N10550.552441E,0.004,0.5,0.02,25.8,27.2,29.7,34.9,65,33.95,15545856,0,0,0
2021/05/12,15:45:53,2100.330996N10550.552385E,0.004,0.5,0.02,25.8,27.1,29.7,34.9,65,34.03,15545856,0,0,0
2021/05/12,15:47:39,2100.334192N10550.547672E,0.002,0.5,0.02,25,26.1,28.4,34.9,65,31.66,15545856,0,0,0
2021/05/12,15:47:49,2100.332797N10550.546774E,0.003,0.5,0.02,25.3,26.4,28.8,35,64.6,31.93,15545856,0,0,0
2021/05/12,15:47:59,2100.332889N10550.546724E,0.003,0.5,0.02,25.3,26.4,28.8,35,64.6,32.52,15545824,0,0,0
2021/05/12,15:50:29,2100.331983N10550.546343E,0.001,0.5,0.02,25.7,27.1,29.7,35,64.5,31.97,15545824,0,0,0
2021/05/12,15:50:39,2100.332006N10550.546297E,0.001,0.5,0.02,25.8,26.8,29.4,35.1,64.7,31.69,15545824,0,0,0
2021/05/12,15:51:50,2100.341667N10550.628333E,0.003,0.5,0.02,25.8,26.8,29.4,35.1,64.6,28.07,15545824,0,0,0
2021/05/12,15:52:00,2100.332460N10550.543772E,0.003,0.5,0.02,25.8,27.1,29.7,35.1,64.6,28.16,15545824,0,0,0
2021/05/12,15:52:10,2100.331015N10550.547049E,0.004,0.5,0.02,26.2,27.5,30,35.1,64.7,28.05,15545824,0,0,0
2021/05/12,15:52:20,2100.330888N10550.547296E,0.004,0.5,0.02,26.2,27.5,30,35.1,64.7,27.72,15545824,0,0,0
2021/05/12,15:52:30,2100.330968N10550.547475E,0.004,0.5,0.02,25.8,26.8,29.4,35.1,64.6,27.52,15545824,0,0,0
2021/05/12,15:55:28,2100.341667N10550.628333E,0.003,0.5,0.02,5055.1,11959.6,3362.3,35.1,64.9,30.67,15545824,0,0,0
2021/05/12,15:55:38,2100.341667N10550.628333E,0.003,0.5,0.02,26.7,27.9,30.4,35.2,64.8,33.04,15545824,0,0,0
2021/05/12,15:55:48,2100.341667N10550.628333E,0.002,0.5,0.02,25.8,27.2,29.7,35.1,64.8,34.28,15545824,0,0,0
2021/05/12,15:55:58,2100.336846N10550.546607E,0.002,0.5,0.02,26.3,27.5,30.1,35.2,64.8,34.9,15545824,0,0,0
2021/05/12,15:56:08,2100.336422N10550.545352E,0.003,0.5,0.02,25.8,26.8,29.4,35.2,64.8,35.08,15545824,0,0,0
2021/05/12,15:56:18,2100.336430N10550.545387E,0.003,0.5,0.02,25.8,27.2,29.7,35.2,64.7,35.4,15545824,0,0,0
2021/05/12,15:56:28,2100.336429N10550.545614E,0.004,0.5,0.02,25.8,26.8,29.4,35.2,64.7,35.69,15545824,0,0,0
2021/05/12,15:56:38,2100.336382N10550.545512E,0.004,0.5,0.02,25.8,27.2,29.7,35.2,64.7,35.85,15545824,0,0,0
2021/05/12,15:56:48,2100.336389N10550.545404E,0.004,0.5,0.02,25.8,27.2,29.7,35.2,64.6,36.01,15545824,0,0,0
2021/05/12,15:56:58,2100.337071N10550.545688E,0.002,0.5,0.02,25.3,26.3,29.3,34.7,62.6,36.19,15545824,0,0,0
2021/05/12,15:57:08,2100.338836N10550.538641E,0.003,0.5,0.02,25.8,27.2,29.8,35.2,64.6,36.79,15545824,0,0,0
2021/05/12,15:57:18,2100.338662N10550.526540E,0.002,0.5,0.02,25.8,26.8,29.4,35.2,64.6,37.06,15545824,0,0,0
2021/05/12,15:57:28,2100.337810N10550.517310E,0.002,0.5,0.02,25.8,27.1,29.7,35.2,64.5,37.14,15545824,0,0,0
2021/05/12,15:57:38,2100.339212N10550.520360E,0.001,0.5,0.02,25.8,26.8,29.4,35.2,64.5,37.35,15545824,0,0,0
2021/05/12,15:57:48,2100.336802N10550.524847E,0.001,0.5,0.02,26.2,27.5,30,35.2,64.4,37.75,15545824,0,0,0
2021/05/12,15:57:58,2100.338017N10550.543652E,0.001,0.5,0.02,25.8,27.1,29.7,35.2,64.4,37.91,15545824,0,0,0
2021/05/12,15:58:08,2100.338105N10550.565101E,0.001,0.5,0.02,25.8,27.2,29.8,35.2,64.4,38.06,15545824,0,0,0
2021/05/12,15:58:18,2100.337113N10550.570628E,0.002,0.5,0.02,25.8,27.1,29.8,35.2,64.4,38.24,15545824,0,0,0
2021/05/12,15:58:28,2100.337731N10550.568937E,0.001,0.5,0.02,25.8,27.2,29.8,35.2,64.4,38.37,15545824,0,0,0
2021/05/12,15:58:38,2100.337602N10550.568535E,0.003,0.5,0.02,25.3,26.7,29.6,34.8,62.4,38.55,15545824,0,0,0
2021/05/12,15:58:48,2100.340294N10550.558661E,0.003,0.5,0.02,25.8,26.8,29.5,35.2,64.4,38.81,15545824,0,0,0
2021/05/12,15:58:58,2100.332237N10550.546238E,0.002,0.5,0.02,25.8,26.8,29.5,35.2,64.4,39,15545824,0,0,0
2021/05/12,15:59:08,2100.332468N10550.525090E,0.002,0.5,0.02,25.8,27.1,29.8,35.2,64.4,39.24,15545824,0,0,0
2021/05/12,15:59:18,2100.329466N10550.505332E,0.003,0.5,0.02,25.7,27.1,29.8,35.2,64.1,39.33,15545824,0,0,0
2021/05/12,15:59:28,2100.310342N10550.504731E,0.003,0.5,0.02,25.7,27.1,29.8,35.2,64,39.3,15545824,0,0,0
2021/05/12,15:59:38,2100.302820N10550.516904E,0.003,0.5,0.02,25.3,26.4,28.9,35.3,64,39.46,15545824,0,0,0
2021/05/12,15:59:48,2100.302895N10550.519184E,0.004,0.5,0.02,25.7,26.7,29.5,35.3,63.9,39.58,15545824,0,0,0
2021/05/12,15:59:58,2100.302174N10550.534458E,0.004,0.5,0.02,25.3,26.4,28.9,35.3,63.9,39.7,15545824,0,0,0
2021/05/12,16:00:08,2100.306125N10550.554615E,0.003,0.5,0.02,25.3,26.4,28.9,35.3,63.9,39.87,15545824,0,0,0
2021/05/12,16:00:18,2100.323477N10550.555790E,0.002,0.5,0.02,24,25.2,28,34.9,62.1,39.96,15545824,0,0,0
2021/05/12,16:00:28,2100.332987N10550.552160E,0.003,0.5,0.02,24.4,25.7,28.2,35.3,63.8,40.15,15545824,0,1,0
2021/05/12,16:00:38,2100.332468N10550.531985E,0.002,0.5,0.02,24.5,25.7,28.2,35.3,63.8,40.3,15545824,0,1,0
2021/05/12,16:00:48,2100.332339N10550.512168E,0.002,0.5,0.02,24.4,25.7,28.2,35.3,63.8,40.41,15545824,0,1,0
2021/05/12,16:00:58,2100.323280N10550.503537E,0.001,0.5,0.02,24,25.3,27.9,35.3,63.7,40.53,15545824,0,1,0
2021/05/12,16:01:08,2100.304550N10550.510137E,0.001,0.5,0.02,24,25.3,27.9,35.3,63.7,40.66,15545824,0,1,0
2021/05/12,16:01:18,2100.302155N10550.533122E,0.001,0.5,0.02,24.5,25.7,28.3,35.4,63.8,40.73,15545824,0,1,0
2021/05/12,16:01:28,2100.303628N10550.555087E,0.002,0.5,0.02,24.5,25.7,28.3,35.4,63.8,40.79,15545824,0,1,0
2021/05/12,16:01:38,2100.320800N10550.555050E,0.002,0.5,0.02,24.9,26,28.6,35.4,63.7,40.93,15545824,0,1,0
2021/05/12,16:01:48,2100.331354N10550.558212E,0.002,0.5,0.02,24.9,26,28.6,35.4,63.8,41.04,15545824,0,1,0
2021/05/12,16:01:58,2100.334742N10550.550005E,0.004,0.5,0.02,24.4,25.6,28.4,34.9,62.1,41.18,15545824,0,1,0
2021/05/12,16:02:08,2100.334826N10550.548931E,0.003,0.5,0.02,24.9,26,28.6,35.4,63.6,41.21,15545824,0,1,0
2021/05/12,16:02:18,2100.334910N10550.540819E,0.002,0.5,0.02,24.9,26,28.6,35.4,63.6,41.2,15545824,0,1,0
2021/05/12,16:02:28,2100.331697N10550.518849E,0.002,0.5,0.02,24.8,26,28.6,35.4,63.5,41.31,15545824,0,1,0
2021/05/12,16:02:38,2100.328432N10550.505699E,0.003,0.5,0.02,24.9,26,28.6,35.5,63.5,41.39,15545824,0,1,0
2021/05/12,16:02:48,2100.313586N10550.510754E,0.003,0.5,0.02,24.8,26,28.6,35.4,63.5,41.48,15545824,0,1,0
2021/05/12,16:02:58,2100.315784N10550.530987E,0.004,0.5,0.02,24.9,26,28.6,35.5,63.6,41.59,15545824,0,1,0
2021/05/12,16:03:08,2100.317127N10550.549992E,0.004,0.5,0.02,24.9,26,28.6,35.5,63.6,41.83,15545824,0,1,0
2021/05/12,16:03:18,2100.330629N10550.557928E,0.003,0.5,0.02,24.9,26,28.6,35.5,63.5,41.94,15545824,0,1,0
2021/05/12,16:03:28,2100.334835N10550.542680E,0.003,0.5,0.02,24.9,26.1,28.6,35.5,63.6,42.02,15545824,0,1,0
2021/05/12,16:03:38,2100.332543N10550.521046E,0.002,0.5,0.02,24.4,25.6,28.4,35,62,42.1,15545824,0,1,0
2021/05/12,16:03:48,2100.328462N10550.506599E,0.003,0.5,0.02,24.9,26,28.6,35.5,63.5,42.16,15545824,0,1,0
2021/05/12,16:03:58,2100.314391N10550.511701E,0.002,0.5,0.02,24.5,25.7,28.3,35.6,63.5,42.29,15545824,0,1,0
2021/05/12,16:04:08,2100.316426N10550.534301E,0.001,0.5,0.02,24.5,25.7,28.3,35.6,63.5,42.26,15545824,0,1,0
2021/05/12,16:04:18,2100.317836N10550.552840E,0.001,0.5,0.02,24,25.4,28,35.6,63.5,42.33,15545824,0,1,0
2021/05/12,16:04:28,2100.331023N10550.556416E,0.001,0.5,0.02,24.5,25.7,28.3,35.6,63.4,42.38,15545824,0,1,0
2021/05/12,16:04:38,2100.331338N10550.549652E,0.001,0.5,0.02,24,25.4,28,35.6,63.5,42.36,15545824,0,1,0
2021/05/12,16:04:48,2100.331051N10550.546841E,0.002,0.5,0.02,24,25.4,28,35.6,63.5,42.28,15545824,0,1,0
2021/05/12,16:04:58,2100.331621N10550.518992E,0.002,0.5,0.02,24,25.3,28,35.6,63.4,42.29,15545824,0,1,0
2021/05/12,16:05:08,2100.320595N10550.506684E,0.003,0.5,0.02,24.1,25.4,28,35.6,63.4,42.4,15545824,0,1,0
2021/05/12,16:05:18,2100.305619N10550.526801E,0.003,0.5,0.02,24,25.3,28.1,35.1,61.9,42.42,15545824,0,1,0
2021/05/12,16:05:28,2100.305211N10550.552444E,0.003,0.5,0.02,24.9,26,28.6,35.6,63.3,42.41,15545824,0,1,0
2021/05/12,16:05:38,2100.326013N10550.559284E,0.002,0.5,0.02,24.9,26.1,28.6,35.6,63.4,42.46,15545824,0,1,0
2021/05/12,16:05:48,2100.331680N10550.532790E,0.002,0.5,0.02,24.9,26.1,28.6,35.6,63.4,42.53,15545824,0,1,0
2021/05/12,16:05:58,2100.329770N10550.506434E,0.003,0.5,0.02,24.9,26.1,28.6,35.6,63.4,42.5,15545824,0,2,0
2021/05/12,16:06:08,2100.305934N10550.514653E,0.003,0.5,0.02,24.9,26,28.6,35.6,63.3,42.5,15545824,0,2,0
2021/05/12,16:06:18,2100.303328N10550.545422E,0.004,0.5,0.02,24.9,26,28.6,35.6,63.3,42.63,15545824,0,2,0
2021/05/12,16:06:28,2100.320481N10550.552082E,0.004,0.5,0.02,24.9,26,28.6,35.6,63.3,42.64,15545824,0,2,0
2021/05/12,16:06:38,2100.334705N10550.546470E,0.003,0.5,0.02,25.3,26.4,29,35.6,63.3,42.67,15545824,0,2,0
2021/05/12,16:06:48,2100.325276N10550.525630E,0.002,0.5,0.02,25.7,26.7,29.6,35.6,63.3,42.6,15545824,0,2,0
2021/05/12,16:06:58,2100.311486N10550.507362E,0.003,0.5,0.02,25.3,26.3,29.4,35.1,61.8,42.71,15545824,0,2,0
2021/05/12,16:07:08,2100.304363N10550.536100E,0.002,0.5,0.02,25.7,27.1,29.9,35.7,63.1,42.8,15545824,0,2,0
2021/05/12,16:07:18,2100.317047N10550.551800E,0.001,0.5,0.02,25.7,27.1,29.9,35.7,63,42.77,15545824,0,2,0
2021/05/12,16:07:28,2100.333979N10550.550702E,0.001,0.5,0.02,25.7,27.1,29.9,35.7,62.9,42.8,15545824,0,2,0
2021/05/12,16:07:38,2100.326871N10550.528716E,0.001,0.5,0.02,25.7,26.7,29.6,35.7,62.9,42.86,15545824,0,2,0
2021/05/12,16:07:48,2100.313052N10550.506347E,0.002,0.5,0.02,25.2,26.3,29,35.7,62.9,42.9,15545824,0,2,0
2021/05/12,16:07:58,2100.304116N10550.532628E,0.001,0.5,0.02,25.2,26.3,29,35.7,62.8,42.9,15545824,0,2,0
2021/05/12,16:08:08,2100.313013N10550.549117E,0.002,0.5,0.02,25.2,26.3,29,35.7,62.8,42.93,15545824,0,2,0
2021/05/12,16:08:18,2100.331616N10550.554307E,0.002,0.5,0.02,25.2,26.3,29,35.7,62.7,42.88,15545824,0,2,0
2021/05/12,16:08:28,2100.331789N10550.548509E,0.003,0.5,0.02,24.8,25.9,28.8,35.2,61.5,42.89,15545824,0,2,0
2021/05/12,16:08:38,2100.331508N10550.548919E,0.002,0.5,0.02,25.2,26.3,29,35.7,62.7,42.79,15545824,0,2,0
2021/05/12,16:08:48,2100.331751N10550.548922E,0.002,0.5,0.02,25.2,26.3,29,35.7,62.6,42.81,15545824,0,2,0
2021/05/12,16:08:58,2100.331486N10550.531740E,0.002,0.5,0.02,25.2,26.3,29,35.7,62.4,42.77,15545824,0,2,0
2021/05/12,16:09:08,2100.316100N10550.511358E,0.003,0.5,0.02,25.2,26.3,29,35.7,62.4,42.8,15545824,0,2,0
2021/05/12,16:09:18,2100.304408N10550.531182E,0.003,0.5,0.02,24.8,26,28.7,35.8,62.5,42.86,15545824,0,2,0
2021/05/12,16:09:28,2100.302031N10550.570300E,0.003,0.5,0.02,24.8,26,28.7,35.8,62.5,42.93,15545824,0,2,0
2021/05/12,16:09:38,2100.299655N10550.611329E,0.004,0.5,0.02,24.8,26,28.7,35.8,62.5,42.97,15545824,0,2,0
2021/05/12,16:09:48,2100.300975N10550.641250E,0.004,0.5,0.02,25.2,26.3,29,35.8,62.5,43.02,15545824,0,2,0
2021/05/12,16:09:58,2100.306355N10550.607558E,0.003,0.5,0.02,24.8,25.9,28.7,35.8,62.4,43.16,15545824,0,2,0
2021/05/12,16:10:08,2100.307056N10550.567490E,0.002,0.5,0.02,24.8,25.9,28.8,35.2,61.3,43.18,15545824,0,2,0
2021/05/12,16:10:18,2100.323619N10550.558458E,0.003,0.5,0.02,25.2,26.3,29,35.8,62.6,43.23,15545824,0,2,0
2021/05/12,16:10:28,2100.333275N10550.539494E,0.002,0.5,0.02,24.8,26,28.7,35.8,62.5,43.21,15545824,0,2,0
2021/05/12,16:10:38,2100.319474N10550.516945E,0.001,0.5,0.02,24.8,26,28.7,35.8,62.5,43.31,15545824,0,2,0
2021/05/12,16:10:48,2100.303808N10550.518650E,0.002,0.5,0.02,24.8,26,28.7,35.8,62.5,43.39,15545824,0,2,0
2021/05/12,16:10:58,2100.302953N10550.564864E,0.001,0.5,0.02,24.8,26,28.7,35.8,62.5,43.34,15545824,0,2,0
2021/05/12,16:11:08,2100.303606N10550.609324E,0.001,0.5,0.02,24.8,25.9,28.7,35.8,62.4,43.29,15545824,0,2,0
2021/05/12,16:11:18,2100.299918N10550.647171E,0.002,0.5,0.02,24.8,26,28.7,35.8,62.7,43.31,15545824,0,2,0
2021/05/12,16:11:28,2100.306159N10550.613553E,0.002,0.5,0.02,24.8,25.9,28.7,35.8,62.4,43.26,15545824,0,3,0
2021/05/12,16:11:38,2100.307149N10550.568115E,0.002,0.5,0.02,24.4,25.6,28.5,35.2,61.3,43.2,15545824,0,3,0
2021/05/12,16:11:48,2100.324393N10550.556795E,0.003,0.5,0.02,24.4,25.6,28.4,35.8,62.5,43.31,15545824,0,3,0
2021/05/12,16:11:58,2100.333566N10550.534862E,0.003,0.5,0.02,24.4,25.6,28.4,35.8,62.5,43.32,15545824,0,3,0
2021/05/12,16:12:08,2100.316602N10550.512315E,0.002,0.5,0.02,24.8,26,28.7,35.8,62.5,43.31,15545824,0,3,0
2021/05/12,16:12:18,2100.304439N10550.525563E,0.002,0.5,0.02,24.7,25.9,28.7,35.8,62.4,43.27,15545824,0,3,0
2021/05/12,16:12:28,2100.303922N10550.572036E,0.003,0.5,0.02,24.8,26,28.7,35.9,62.4,43.22,15545824,0,3,0
2021/05/12,16:12:38,2100.302581N10550.610580E,0.003,0.5,0.02,24.8,26,28.7,35.9,62.4,43.23,15545824,0,3,0
2021/05/12,16:12:48,2100.297696N10550.649372E,0.004,0.5,0.02,24.4,25.6,28.4,35.9,62.4,43.31,15545824,0,3,0
2021/05/12,16:12:58,2100.305706N10550.624005E,0.004,0.5,0.02,24.4,25.6,28.4,35.9,62.4,43.3,15545824,0,3,0
2021/05/12,16:13:08,2100.306985N10550.581503E,0.003,0.5,0.02,24.4,25.6,28.4,35.9,62.4,43.38,15545824,0,3,0
2021/05/12,16:13:18,2100.316277N10550.552704E,0.002,0.5,0.02,24,25.2,28.2,35.3,61.3,43.4,15545824,0,3,0
2021/05/12,16:13:28,2100.332997N10550.551256E,0.003,0.5,0.02,24.4,25.6,28.4,35.9,62.5,43.32,15545824,0,3,0
2021/05/12,16:13:38,2100.332877N10550.548691E,0.003,0.5,0.02,24.4,25.6,28.4,35.9,62.4,43.3,15545824,0,3,0
2021/05/12,16:13:48,2100.332766N10550.548511E,0.002,0.5,0.02,24.8,26,28.7,35.9,62.4,43.36,15545824,0,3,0
2021/05/12,16:13:58,2100.332786N10550.548460E,0.001,0.5,0.02,25.2,26.3,29,35.9,62.4,43.33,15545824,0,3,0
2021/05/12,16:14:08,2100.332767N10550.548421E,0.001,0.5,0.02,24.7,25.9,28.7,35.8,62.3,43.31,15545824,0,3,0
2021/05/12,16:14:18,2100.332756N10550.548378E,0.001,0.5,0.02,24.8,25.9,28.7,35.9,62.3,43.34,15545824,0,3,0
2021/05/12,16:14:28,2100.332717N10550.548301E,0.001,0.5,0.02,24.3,25.6,28.4,35.9,62.2,43.29,15545824,0,3,0
2021/05/12,16:14:38,2100.332682N10550.548242E,0.002,0.5,0.02,24.3,25.6,28.4,35.9,62.2,43.31,15545824,0,3,0
2021/05/12,16:14:48,2100.332693N10550.548227E,0.002,0.5,0.02,24.3,25.6,28.4,35.9,62.2,43.31,15545824,0,3,0
2021/05/12,16:14:58,2100.333341N10550.548346E,0.003,0.5,0.02,23.5,24.9,27.9,35.3,61.2,43.3,15545824,0,3,0
2021/05/12,16:15:08,2100.333464N10550.548277E,0.003,0.5,0.02,23.9,25.2,28.1,35.9,62.1,43.28,15545824,0,3,0
2021/05/12,16:15:18,2100.333458N10550.548277E,0.002,0.5,0.02,24.3,25.6,28.4,35.9,62.1,43.4,15545824,0,3,0
2021/05/12,16:15:28,2100.333443N10550.548256E,0.002,0.5,0.02,24.3,25.6,28.4,35.9,62.1,43.46,15545824,0,3,0
2021/05/12,16:15:38,2100.333709N10550.541711E,0.002,0.5,0.02,24.7,25.9,28.7,35.9,62.1,43.57,15545824,0,3,0
2021/05/12,16:15:48,2100.326444N10550.528868E,0.002,0.5,0.02,24.7,25.9,28.7,35.9,62.1,43.71,15545824,0,3,0
2021/05/12,16:15:58,2100.314634N10550.511138E,0.003,0.5,0.02,24.7,25.9,28.7,35.9,62.2,43.74,15545824,0,3,0
2021/05/12,16:16:08,2100.308248N10550.510420E,0.004,0.5,0.02,24.7,25.9,28.7,35.9,62.2,43.83,15545824,0,3,0
2021/05/12,16:16:18,2100.302244N10550.515990E,0.004,0.5,0.02,24.7,25.9,28.7,35.9,62.2,43.87,15545824,0,3,0
2021/05/12,16:16:28,2100.303692N10550.519652E,0.003,0.5,0.02,24,25.2,28.2,35.3,61.2,43.91,15545824,0,3,0
2021/05/12,16:16:38,2100.304507N10550.520145E,0.002,0.5,0.02,24.3,25.6,28.4,35.9,62.2,43.9,15545824,0,3,0
2021/05/12,16:16:48,2100.304494N10550.520262E,0.003,0.5,0.02,23.9,25.3,28.1,36,62.2,44.02,15545824,0,3,0
2021/05/12,16:16:58,2100.304500N10550.520342E,0.002,0.5,0.02,23.9,25.3,28.1,36,62.2,43.98,15545824,0,4,0
2021/05/12,16:17:08,2100.304486N10550.520385E,0.001,0.5,0.02,23.9,25.3,28.1,36,62.3,44,15545824,0,4,0
2021/05/12,16:17:18,2100.304487N10550.520480E,0.001,0.5,0.02,24.4,25.6,28.4,36,62.3,44.02,15545824,0,4,0
2021/05/12,16:17:28,2100.304525N10550.520537E,0.001,0.5,0.02,24.4,25.6,28.4,36,62.3,43.98,15545824,0,4,0
2021/05/12,16:17:38,2100.304533N10550.520629E,0.002,0.5,0.02,24.4,25.6,28.4,36,62.3,44.08,15545824,0,4,0
2021/05/12,16:17:48,2100.304550N10550.520727E,0.001,0.5,0.02,23.9,25.3,28.1,36,62.3,44.07,15545824,0,4,0
2021/05/12,16:17:58,2100.304496N10550.520824E,0.002,0.5,0.02,23.9,25.3,28.1,36,62.3,44.03,15545824,0,4,0
2021/05/12,16:18:08,2100.304495N10550.520896E,0.002,0.5,0.02,24,25.3,28.2,35.4,61.2,44.14,15545824,0,4,0
2021/05/12,16:18:18,2100.304490N10550.520915E,0.003,0.5,0.02,24.8,26,28.7,36,62.4,44.23,15545824,0,4,0
2021/05/12,16:18:28,2100.304469N10550.520931E,0.003,0.5,0.02,24.8,26,28.7,36,62.4,44.18,15545824,0,4,0
2021/05/12,16:18:38,2100.304453N10550.520947E,0.002,0.5,0.02,25.2,26.3,29.1,36,62.4,44.21,15545824,0,4,0
2021/05/12,16:18:48,2100.304437N10550.520946E,0.002,0.5,0.02,25.2,26.3,29.1,36,62.4,44.14,15545824,0,4,0
2021/05/12,16:18:58,2100.303802N10550.521357E,0.003,0.5,0.02,25.7,26.7,29.7,36,62.5,44.04,15545824,0,4,0
2021/05/12,16:19:08,2100.302809N10550.521618E,0.003,0.5,0.02,25.7,26.7,29.7,36,62.5,44.07,15545824,0,4,0
2021/05/12,16:19:18,2100.303063N10550.529262E,0.004,0.5,0.02,25.2,26.4,29.1,36,62.5,43.97,15545824,0,4,0
2021/05/12,16:19:28,2100.303670N10550.547943E,0.004,0.5,0.02,25.2,26.4,29.1,36,62.5,44.04,15545824,0,4,0
2021/05/12,16:19:38,2100.302284N10550.568401E,0.004,0.5,0.02,24.9,26,28.8,35.4,61.4,44.11,15545824,0,4,0
2021/05/12,16:19:48,2100.300476N10550.590537E,0.003,0.5,0.02,25.7,26.7,29.7,36,62.6,44,15545824,0,4,0
2021/05/12,16:19:58,2100.300619N10550.613713E,0.002,0.5,0.02,25.7,26.7,29.7,36,62.6,44,15545824,0,4,0
2021/05/12,16:20:08,2100.298217N10550.636484E,0.003,0.5,0.02,25.3,26.4,29.1,36,62.6,43.98,15545824,0,4,0
2021/05/12,16:20:18,2100.297757N10550.654230E,0.002,0.5,0.02,25.7,26.7,29.7,36,62.6,43.91,15545824,0,4,0
2021/05/12,16:20:28,2100.304601N10550.640520E,0.001,0.5,0.02,25.3,26.4,29.1,36,62.6,44.08,15545824,0,4,0
2021/05/12,16:20:38,2100.305846N10550.616598E,0.002,0.5,0.02,25.3,26.4,29.1,36,62.6,44.17,15545824,0,4,0
2021/05/12,16:20:48,2100.306732N10550.592864E,0.001,0.5,0.02,25.7,26.8,29.7,36,62.6,44.22,15545824,0,4,0
2021/05/12,16:20:58,2100.307541N10550.571704E,0.001,0.5,0.02,25.7,27.1,30,36,62.6,44.22,15545824,0,4,0
2021/05/12,16:21:08,2100.307823N10550.553231E,0.002,0.5,0.02,25.7,27.1,30,36,62.8,44.19,15545824,0,4,0
2021/05/12,16:21:18,2100.308942N10550.534567E,0.002,0.5,0.02,25.3,26.7,29.8,35.4,61.5,44.16,15545824,0,4,0
2021/05/12,16:21:28,2100.309931N10550.513681E,0.003,0.5,0.02,26.2,27.5,30.4,36.1,62.8,44.3,15545824,0,4,0
2021/05/12,16:21:38,2100.304554N10550.517986E,0.003,0.5,0.02,26.2,27.5,30.4,36.1,62.8,44.4,15545824,0,4,0
2021/05/12,16:21:48,2100.304216N10550.539711E,0.003,0.5,0.02,26.1,27.5,30.3,36,62.7,44.43,15545824,0,4,0
2021/05/12,16:21:58,2100.302788N10550.559257E,0.002,0.5,0.02,25.7,27.1,30,36,62.8,44.51,15545824,0,4,0
2021/05/12,16:22:08,2100.301275N10550.581068E,0.002,0.5,0.02,25.8,27.2,30.1,36.1,62.8,44.35,15545824,0,4,0
2021/05/12,16:22:18,2100.301087N10550.603929E,0.003,0.5,0.02,25.7,27.1,30,36,62.8,44.34,15545824,0,4,0
2021/05/12,16:22:28,2100.299121N10550.628062E,0.003,0.5,0.02,25.8,26.8,29.7,36.1,62.9,44.27,15545824,0,5,0
2021/05/12,16:22:38,2100.297321N10550.651017E,0.004,0.5,0.02,25.8,27.2,30.1,36.1,62.9,44.34,15545824,0,5,0
2021/05/12,16:22:48,2100.306036N10550.643416E,0.003,0.5,0.02,25.8,27.2,30.1,36.1,62.9,44.37,15545824,0,5,0
2021/05/12,16:22:58,2100.305930N10550.619608E,0.003,0.5,0.02,25.3,26.7,29.8,35.5,61.6,44.38,15545824,0,5,0
2021/05/12,16:23:08,2100.308446N10550.597582E,0.002,0.5,0.02,26.2,27.5,30.4,36.1,62.9,44.21,15545824,0,5,0
2021/05/12,16:23:18,2100.307609N10550.575419E,0.003,0.5,0.02,26.2,27.5,30.4,36.1,62.9,44.17,15545824,0,5,0
2021/05/12,16:23:28,2100.307875N10550.554461E,0.003,0.5,0.02,26.6,27.9,30.7,36.1,62.9,44.27,15545824,0,5,0
2021/05/12,16:23:38,2100.309267N10550.534008E,0.002,0.5,0.02,27,28.2,31,36.1,62.9,44.32,15545824,0,5,0
2021/05/12,16:23:48,2100.310052N10550.512557E,0.001,0.5,0.02,26.6,27.9,30.7,36.1,62.9,44.38,15545824,0,5,0
2021/05/12,16:23:58,2100.304353N10550.516402E,0.001,0.5,0.02,26.6,27.9,30.7,36.1,62.9,44.39,15545824,0,5,0
2021/05/12,16:24:08,2100.305326N10550.520366E,0.001,0.5,0.02,26.6,27.9,30.7,36.2,62.9,44.46,15545824,0,5,0
2021/05/12,16:24:18,2100.303786N10550.550758E,0.001,0.5,0.02,26.2,27.5,30.4,36.1,62.9,44.46,15545824,0,5,0
2021/05/12,16:24:28,2100.301265N10550.578327E,0.002,0.5,0.02,27.1,28.3,31,36.2,63,44.41,15545824,0,5,0
2021/05/12,16:24:38,2100.302601N10550.611009E,0.002,0.5,0.02,25.8,27.1,30.2,35.6,61.6,44.43,15545824,0,5,0
2021/05/12,16:24:48,2100.298312N10550.635491E,0.003,0.5,0.02,26.7,27.9,30.7,36.2,63,44.5,15545824,0,5,0
2021/05/12,16:24:58,2100.304435N10550.655292E,0.003,0.5,0.02,27.1,28.3,31,36.2,63,44.49,15545824,0,5,0
2021/05/12,16:25:08,2100.305280N10550.623053E,0.002,0.5,0.02,27.5,28.6,31.3,36.2,63,44.4,15545824,0,5,0
2021/05/12,16:25:18,2100.307422N10550.591997E,0.002,0.5,0.02,27.5,29,31.6,36.2,63,44.34,15545824,0,5,0
2021/05/12,16:25:28,2100.307691N10550.562589E,0.002,0.5,0.02,27.9,29.3,32.3,36.2,63,44.45,15545824,0,5,0
2021/05/12,16:25:38,2100.308947N10550.535822E,0.003,0.5,0.02,28.8,30,32.9,36.2,63,44.49,15545824,0,5,0
2021/05/12,16:25:48,2100.308924N10550.512915E,0.003,0.5,0.02,28.8,30,32.9,36.2,63,44.51,15545824,0,5,0
2021/05/12,16:25:58,2100.302393N10550.525327E,0.003,0.5,0.02,28.8,30,32.9,36.2,63,44.48,15545824,0,5,0
2021/05/12,16:26:08,2100.301393N10550.551499E,0.004,0.5,0.02,28.8,30,32.9,36.2,63,44.59,15545824,0,5,0
2021/05/12,16:26:18,2100.301574N10550.583934E,0.003,0.5,0.02,28.3,29.6,32.6,35.6,61.6,44.66,15545824,0,5,0
2021/05/12,16:27:19,2100.308049N10550.549869E,0.001,0.5,0.02,28.3,29.6,32.5,36.1,63,44.69,15545824,0,6,0
2021/05/12,16:27:29,2100.308975N10550.525862E,0.001,0.5,0.02,28.8,30,32.9,36.2,63.2,44.75,15545824,0,6,0
2021/05/12,16:27:39,2100.308708N10550.505471E,0.001,0.5,0.02,28.4,29.7,32.6,36.2,63.2,44.87,15545824,0,6,0
2021/05/12,16:27:49,2100.304304N10550.510931E,0.002,0.5,0.02,27.9,29.3,32.3,36.2,63.1,44.97,15545824,0,6,0
2021/05/12,16:27:59,2100.304042N10550.527117E,0.002,0.5,0.02,27.5,29,31.6,36.2,63.1,44.97,15545824,0,6,0
2021/05/12,16:28:09,2100.303368N10550.558588E,0.003,0.5,0.02,27.1,28.3,31,36.2,63.1,44.99,15545824,0,6,0
2021/05/12,16:28:19,2100.301598N10550.587721E,0.003,0.5,0.02,27.5,28.6,31.3,36.2,63.1,45.11,15545824,0,7,0
2021/05/12,16:28:29,2100.301494N10550.620682E,0.002,0.5,0.02,27.5,28.6,31.3,36.2,63.2,45.2,15545824,0,7,0
2021/05/12,16:28:39,2100.298507N10550.647161E,0.002,0.5,0.02,27.5,29,31.6,36.1,63.1,45.25,15545824,0,7,0
2021/05/12,16:28:49,2100.306392N10550.634357E,0.003,0.5,0.02,27.1,28.5,31.4,35.5,61.7,45.3,15545824,0,7,0
2021/05/12,16:28:59,2100.306751N10550.600595E,0.003,0.5,0.02,28,29.3,32.3,36.2,63.2,45.37,15545824,0,7,0
2021/05/12,16:29:09,2100.308244N10550.570473E,0.004,0.5,0.02,28,29.3,32.3,36.2,63.2,45.36,15545824,0,7,0
2021/05/12,16:29:19,2100.308660N10550.541425E,0.004,0.5,0.02,27.5,29,31.6,36.2,63.3,45.39,15545824,0,7,0
2021/05/12,16:29:29,2100.309924N10550.513852E,0.004,0.5,0.02,27.5,28.7,31.3,36.2,63.3,45.35,15545824,0,7,0
2021/05/12,16:29:39,2100.304599N10550.522907E,0.003,0.5,0.02,27.5,28.6,31.3,36.2,63.1,45.29,15545824,0,7,0
2021/05/12,16:29:49,2100.304500N10550.549155E,0.002,0.5,0.02,27.1,28.3,31,36.2,63.1,45.31,15545824,0,7,0
2021/05/12,16:29:59,2100.304252N10550.578757E,0.003,0.5,0.02,27.1,28.3,31,36.2,63.1,45.26,15545824,0,7,0
2021/05/12,16:30:09,2100.301684N10550.610695E,0.002,0.5,0.02,27.1,28.3,31,36.2,63.1,45.28,15545824,0,7,0
2021/05/12,16:30:19,2100.297553N10550.640443E,0.001,0.5,0.02,27.5,28.6,31.3,36.1,63.3,45.25,15545824,0,7,0
2021/05/12,16:30:29,2100.307729N10550.649814E,0.001,0.5,0.02,27.1,28.5,31.4,35.5,61.8,45.27,15545824,0,7,0
2021/05/12,16:30:39,2100.306285N10550.615300E,0.001,0.5,0.02,27.5,28.6,31.3,36.2,63.1,45.32,15545824,0,7,0
2021/05/12,16:30:49,2100.308060N10550.584261E,0.001,0.5,0.02,27.5,29,31.6,36.2,63.1,45.39,15545824,0,7,0
2021/05/12,16:30:59,2100.308194N10550.554995E,0.002,0.5,0.02,27.5,28.6,31.3,36.1,63.1,45.42,15545824,0,7,0
2021/05/12,16:31:09,2100.309572N10550.527294E,0.002,0.5,0.02,27.5,28.6,31.3,36.1,63.3,45.53,15545824,0,7,0
2021/05/12,16:31:19,2100.308476N10550.505793E,0.003,0.5,0.02,27.1,28.3,31,36.2,63.3,45.6,15545824,0,7,0
2021/05/12,16:31:29,2100.303491N10550.516814E,0.003,0.5,0.02,27.5,28.6,31.3,36.2,63.2,45.69,15545824,0,7,0
2021/05/12,16:31:39,2100.303998N10550.518360E,0.003,0.5,0.02,27.1,28.3,31,36.2,63.2,45.7,15545824,0,7,0
2021/05/12,16:31:49,2100.303214N10550.518326E,0.002,0.5,0.02,26.7,27.9,30.7,36.2,63.2,45.84,15545824,0,7,0
2021/05/12,16:31:59,2100.303120N10550.518535E,0.002,0.5,0.02,26.7,27.9,30.7,36.2,63.1,45.86,15545824,0,7,0
2021/05/12,16:32:09,2100.303123N10550.518540E,0.003,0.5,0.02,26.7,27.8,30.8,35.6,61.7,45.87,15545824,0,7,0
2021/05/12,16:32:19,2100.303125N10550.518535E,0.003,0.5,0.02,27.1,28.3,31,36.2,63.2,45.86,15545824,0,7,0
2021/05/12,16:32:29,2100.303129N10550.518534E,0.004,0.5,0.02,26.7,27.9,30.7,36.1,63.1,45.93,15545824,0,7,0
2021/05/12,16:32:39,2100.303124N10550.518539E,0.004,0.5,0.02,26.7,27.9,30.7,36.2,63.2,45.95,15545824,0,7,0
2021/05/12,16:32:49,2100.303120N10550.518540E,0.003,0.5,0.02,26.3,27.6,30.4,36.1,63.2,45.97,15545824,0,7,0
2021/05/12,16:32:59,2100.303167N10550.524779E,0.002,0.5,0.02,26.7,28,30.7,36.2,63.3,45.98,15545824,0,7,0
2021/05/12,16:33:09,2100.301315N10550.566318E,0.003,0.5,0.02,26.3,27.6,30.4,36.1,63.2,45.98,15545824,0,7,0
2021/05/12,16:33:19,2100.300391N10550.610272E,0.003,0.5,0.02,26.7,27.9,30.7,36.1,63.1,45.96,15545824,0,7,0
2021/05/12,16:33:29,2100.296401N10550.650847E,0.002,0.5,0.02,26.3,27.6,30.4,36.1,63.2,45.93,15545824,0,7,0
2021/05/12,16:33:39,2100.304017N10550.627507E,0.001,0.5,0.02,26.7,27.9,30.7,36.1,63.1,46.07,15545824,0,7,0
2021/05/12,16:33:49,2100.308015N10550.578544E,0.001,0.5,0.02,26.6,27.8,30.8,35.5,61.7,46.16,15545824,0,8,0
2021/05/12,16:33:59,2100.309178N10550.534679E,0.001,0.5,0.02,27.5,28.6,31.3,36.1,63.1,46.3,15545824,0,8,0
2021/05/12,16:34:09,2100.305223N10550.508753E,0.001,0.5,0.02,27.5,29,31.6,36.1,63.1,46.28,15545824,0,8,0
2021/05/12,16:34:19,2100.304493N10550.543736E,0.002,0.5,0.02,27.5,28.6,31.3,36.1,63.1,46.31,15545824,0,8,0
2021/05/12,16:34:29,2100.301714N10550.588435E,0.001,0.5,0.02,27.5,29,31.6,36.1,63.1,46.34,15545824,0,8,0
2021/05/12,16:34:39,2100.298623N10550.629107E,0.003,0.5,0.02,27.5,29,31.6,36.1,63.2,46.3,15545824,0,8,0
2021/05/12,16:34:49,2100.305033N10550.645095E,0.003,0.5,0.02,27.1,28.3,31,36.1,63.2,46.42,15545824,0,8,0
2021/05/12,16:34:59,2100.307679N10550.602823E,0.002,0.5,0.02,27.5,28.6,31.3,36.1,63.2,46.54,15545824,0,8,0
2021/05/12,16:35:09,2100.308780N10550.559304E,0.002,0.5,0.02,27.5,28.6,31.3,36.1,63.1,46.56,15545824,0,8,0
